<?xml version="1.0" encoding="UTF-8"?>
<!DOCTYPE sqlMap
			PUBLIC "-//ibatis.apache.org//DTD SQL Map 2.0//EN"
			"http://ibatis.apache.org/dtd/sql-map-2.dtd">
<!-- namespace속성 : 아래에서 작성한 SQL을 호출할 때 같이 사용된다. -->			
<sqlMap namespace="member">
	<!-- 
		이 영역에 sql문에 맞는 태그를 사용하여 SQL문을 기술한다.
		
		사용할 수 있는 기본적인 태그들
		<select> ~~~ </select>
		<insert> ~~~ </insert>
		<update> ~~~ </update>
		<delete> ~~~ </delete>
	 
	 위 태그에서 사용되는 속성들
	 1) id 속성 : 해당 태그를 호출할 때 <SqlMap> 태그의 namespace와 연결하여 사용하는 이름
	 
	 2) parameterClass 속성 : sql문에 사용될 데이터가 들어있는 객체를 지정한다.
	 				 	     (보통은 VO클래스, 자바의 자료형 이름 등이 사용된다)
	 				 	     (typeAlias로 지정한 alias명을 사용할 수 있다.)
	 				 	     
	 3) resultClass 속성 : select 문을 실행한 결과를 닫을 객체를 지정한다.
	                     (보통 VO클래스나 자바의 자료형 이름을 사용한다.) 				 	     
	 
	 -->
	 
	 <resultMap class="memVO" id="memberMap">
	 	<result property="memId" column="mem_id"/>
	 	<result property="memPass" column="mem_pass"/>
	 	<result property="memName" column="mem_name"/>
	 	<result property="memRegno1" column="mem_regno1"/>
	 	<result property="memRegno2" column="mem_regno2"/>
	 	<result property="memBir" column="mem_bir"/>
	 	<result property="memZip" column="mem_zip"/>
	 	<result property="memAddr1" column="mem_addr1"/>
	 	<result property="memAddr2" column="mem_addr2"/>
	 	<result property="memHomeTel" column="mem_hometel"/>
	 	<result property="memHp" column="mem_hp"/>
	 	<result property="memMail" column="mem_mail"/>
	 	<result property="memJob" column="mem_job"/>
	 </resultMap>
	 
	 
	 

	<insert id="insertMember" parameterClass="kr.or.ddit.member.vo.MemberVO">

	</insert>

	<update id="updateMember">
	</update>

	<delete id="deleteMember" parameterClass="String">
	</delete>
	
	<select id="getMemberAll" resultMap="memberMap">
		select * from mymember
	</select>
	
	<select id="getMember" resultMap="memberMap">
<!-- 		select * from mymember where MEM_ID = #memId# -->
	</select>
	
	<select id="getSearchMember"  resultMap="memberMap">
<!-- 		SELECT * FROM MEMBER WHERE 1=1 -->
	</select>

</sqlMap>			