<?xml version="1.0" encoding="UTF-8"?>
<!DOCTYPE sqlMap      
    PUBLIC "-//ibatis.apache.org//DTD SQL Map 2.0//EN"      
    "http://ibatis.apache.org/dtd/sql-map-2.dtd">

<sqlMap namespace="member">

<!-- 	<resultMap class="memVO" id="memberMap"> -->
<!-- 		<result property="memId" column="mem_id" /> -->
<!-- 		<result property="memName" column="mem_name" /> -->
<!-- 		<result property="memTel" column="mem_tel" /> -->
<!-- 		<result property="memAddr" column="mem_addr" /> -->
<!-- 	</resultMap> -->
	
	<select id="retrieveMember_sample"  parameterClass="kr.or.ddit.member.vo.MemberVO" resultClass="kr.or.ddit.member.vo.MemberVO">
		select MEM_ID          memId  
		       ,MEM_PASS        memPass  
		       ,MEM_NAME        memName  
		       ,MEM_REGNO1      memRegno1       
		       ,MEM_REGNO2      memRegno2       
		       ,MEM_BIR         memBir          
		       ,MEM_ZIP         memZip       
		       ,MEM_ADD1        memAdd1 
		       ,MEM_ADD2        memAdd2  
		       ,MEM_HOMETEL     memHometel  
		       ,MEM_COMTEL      memComtel  
		       ,MEM_HP          memHp  
		       ,MEM_MAIL        memMail  
		       ,MEM_JOB         memJob  
		       ,MEM_LIKE        memLike  
		       ,MEM_MEMORIAL    mememorial  
		       ,MEM_MEMORIALDAY memMemorialday
		       ,MEM_MILEAGE     memMileage  
		       ,MEM_DELETE      memDelete
		  from member
		 where mem_id = #memId#
	</select>
	<select id="retrieveMember"  resultClass="kr.or.ddit.member.vo.MemberVO">
		select MEM_ID          memId  
		       ,MEM_PASS        memPass  
		       ,MEM_NAME        memName  
		       ,MEM_REGNO1      memRegno1       
		       ,MEM_REGNO2      memRegno2       
		       ,TO_CHAR(MEM_BIR, 'yyyyMMdd') memBir          
		       ,MEM_ZIP         memZip       
		       ,MEM_ADD1        memAdd1 
		       ,MEM_ADD2        memAdd2  
		       ,MEM_HOMETEL     memHometel  
		       ,MEM_COMTEL      memComtel  
		       ,MEM_HP          memHp  
		       ,MEM_MAIL        memMail  
		       ,MEM_JOB         memJob  
		       ,MEM_LIKE        memLike  
		       ,MEM_MEMORIAL    mememorial  
		       ,TO_CHAR(MEM_MEMORIALDAY, 'yyyyMMdd') memMemorialday
		       ,MEM_MILEAGE     memMileage  
		       ,MEM_DELETE      memDelete
		  from member
		 where mem_id = #memId#
	</select>
	
	<select id="retrieveMemberList"  parameterClass="kr.or.ddit.member.vo.MemberVO" resultClass="kr.or.ddit.member.vo.MemberVO">
		select MEM_ID          memId  
		       ,MEM_PASS        memPass  
		       ,MEM_NAME        memName  
		       ,MEM_REGNO1      memRegno1       
		       ,MEM_REGNO2      memRegno2       
		       ,TO_CHAR(MEM_BIR, 'yyyyMMdd') memBir          
		       ,MEM_ZIP         memZip       
		       ,MEM_ADD1        memAdd1 
		       ,MEM_ADD2        memAdd2  
		       ,MEM_HOMETEL     memHometel  
		       ,MEM_COMTEL      memComtel  
		       ,MEM_HP          memHp  
		       ,MEM_MAIL        memMail  
		       ,MEM_JOB         memJob  
		       ,MEM_LIKE        memLike  
		       ,MEM_MEMORIAL    mememorial  
		       ,TO_CHAR(MEM_MEMORIALDAY, 'yyyyMMdd') memMemorialday
		       ,MEM_MILEAGE     memMileage  
		       ,MEM_DELETE      memDelete
		  from member
		 where 1 = 1 
		 <dynamic>
		 	<isNotEmpty prepend="AND" property="memId">
		 	MEM_ID LIKE '%'||#memId#||'%'
		 	</isNotEmpty>
		 	<isNotEmpty prepend="AND" property="memName">
		 	MEM_NAME LIKE '%'||#memName#||'%'
		 	</isNotEmpty>
		 </dynamic>
	</select>
	
	<select id="retrieveMemberListCount"  parameterClass="kr.or.ddit.member.vo.MemberVO" resultClass="java.lang.Integer">
		select COUNT(*) cnt
		  from member
		 where 1 = 1 
		 <dynamic>
		 	<isNotEmpty prepend="AND" property="memId">
		 	MEM_ID LIKE '%'||#memId#||'%'
		 	</isNotEmpty>
		 	<isNotEmpty prepend="AND" property="memName">
		 	MEM_NAME LIKE '%'||#memName#||'%'
		 	</isNotEmpty>
		 </dynamic>
	</select>
	
</sqlMap>