<?xml version="1.0" encoding="UTF-8" ?>
<!DOCTYPE sqlMap
			PUBLIC "-//ibatis.apache.org//DTD SQL Map 2.0//EN"
			"http://ibatis.apache.org/dtd/sql-map-2.dtd">
<sqlMap namespace = "code"> 
	<select id = "retrieveCodeList" resultClass="kr.or.ddit.common.vo.CodeVO">
		SELECT GROUP_CODE 		
			  ,GROUP_CODE_NAME  
			  ,CODE 			
			  ,CODE_NAME 		
			  ,DESCRIPTION 		
			  ,USE_YN 			
		  FROM TB_CODE
		 WHERE GROUP_CODE = #groupcode#
	</select>
	
	<select id = "retrieveSidoList" resultClass = "kr.or.ddit.common.vo.CodeVO">
		SELECT SIDO sido
    		FROM TB_ZIP
    	  GROUP BY SIDO
    	  ORDER BY SIDO
	</select>

	<select id = "retrieveGugunList" parameterClass = "kr.or.ddit.common.vo.CodeVO" resultClass = "kr.or.ddit.common.vo.CodeVO">
		SELECT GUGUN gugun
    		FROM TB_ZIP
    	WHERE SIDO = #sido#
    	  GROUP BY GUGUN
    	  ORDER BY GUGUN
	</select>

	<select id = "retrieveDONGList" parameterClass = "kr.or.ddit.common.vo.CodeVO" resultClass = "kr.or.ddit.common.vo.CodeVO">
		SELECT DONG dong
    		FROM TB_ZIP
    	WHERE SIDO = #sido#
    	  AND GUGUN = #gugun#
    	  GROUP BY DONG
    	  ORDER BY DONG
	</select>
	
	<select id="retrieveZipcodeList" parameterClass = "String" resultClass = "String">
		SELECT ZIPCODE zipcode
			  ,SIDO sido 
			  ,GUGUN gugun 
			  ,DONG dong
			  ,RI ri
			  ,BLDG bldg
			  ,BUNJI bunji
			  ,SEQ seq
			FROM TB_ZIP
		  WHERE SIDO = #sido#
		  	AND GUGUN = #gugun#
		  	AND DONG = #dong#
		  ORDER BY SEQ
 	</select> 
</sqlMap>