<?xml version="1.0" encoding="UTF-8"?>
<!DOCTYPE sqlMap
			PUBLIC "-//ibatis.apache.org//DTD SQL Map 2.0//EN"
			"http://ibatis.apache.org/dtd/sql-map-2.dtd"><!-- namespce속성 : 아래에서 작성한 SQL을 호출할때 같이 사용된다. -->


<sqlMap namespace="memzip">
<!--
	이 영역에 sql문에 맞는 태그를 이용하여 sql문을 기술한다.
	
	사용할 수 있는 기본적은 태그들
	<select> ~~~ </select>
	<insert> ~~~ </insert>
	<insert> ~~~ </update>
	<delete> ~~~ </delete>
	
	위 태그에서 사용되는 속성들
	1) id속성 : 해당 태그를 호출할때 <sqlMap>태그의 namespace와 연결하여 사용하는 이름
	
	2) parameterClass속성 : sql문에 사용될 데이터가 들어있는 객체를 지정한다.
						  (보통 VO클래스, 자바의 자료형이름 등이 사용된다.)
						  (typeAlias로 지정한 alias명을 사용할 수 있다.
						  
	3) resultClass속성 : select문을 실행한 결과를 담을 객체를 지정한다.
						(보통 VO클래스나 자바의 자료형이름을 사용한다.)


 -->
 

 	
 	<!-- 아이디 중복 검사 -->
 	<select id = "checkById" resultClass="String" parameterClass="String"> 
 		
 		SELECT MEM_ID FROM TB_MEMBER WHERE MEM_ID = #data#
 	
 	</select>
 	
 	<!-- 우편번호 찾기 -->
	<select id = "selectByDong" resultClass="zipVO" parameterClass="String">
	
		SELECT * FROM TB_ZIP WHERE DONG LIKE #data# ||'%'
	</select>
	
 	<!-- 가입하기 -->
 	<insert id = "insertMember"  parameterClass="memVO">
		
			INSERT INTO TB_MEMBER( 
								mem_id, 
								mem_pass, 
								mem_name , 
								mem_bir, 
								mem_zip, 
								mem_add1 , 
								mem_add2, 
								mem_hp, 
								mem_mail,
								mem_like,
								mem_job,
								mem_comment,
								recv_email_yn
								
							             ) 
					  VALUES (	#mem_id#, 
								#mem_pass#, 
								#mem_name# , 
								#mem_bir#, 
								#mem_zip#, 
								#mem_add1# , 
								#mem_add2#, 
								#mem_hp#, 
								#mem_mail#,
								#mem_job#,
								#mem_like#,
								#mem_comment#,
								#recv_email_yn#   )
								
			<selectKey keyProperty="mem_id" resultClass="String">
				select mem_id from TB_MEMBER where mem_id = #mem_id#
			</selectKey>
		
	</insert>

 	
 	
</sqlMap>			





